question,answer,Sound
Identify the size of the interval between the two notes in the track ,3rd,Track 91
Identify the size of the interval between the two notes in the track ,5th, Track 92
Identify the size of the interval between the two notes in the track ,Unison , Track 93
Identify the size of the interval between the two notes in the track ,7th, Track 94
Identify the size of the interval between the two notes in the track ,2nd, Track 95
Identify the size of the interval between the two notes in the track ,7th,Track 96
Identify the size of the interval between the two notes in the track ,2nd,Track 97
Identify the size of the interval between the two notes in the track ,Octave,Track 98
Identify the size of the interval between the two notes in the track ,6th,Track 99
Identify the size of the interval between the two notes in the track ,6th,Track 100
